{
  "eval_results": [
    {
      "model_short_name": "qwen2.5-7b-ft",
      "model_id": "Qwen/Qwen2.5-7B-Instruct",
      "param_count": "7B",
      "rouge_l": 0.24056529362255208,
      "bleu4": 0.11912934678822056,
      "bertscore_f1": 0.7243470549583435,
      "domain_relevance": 0.9966666666666666,
      "factcheck": 0.51,
      "distinct_2": 0.12300208478109799,
      "distinct_3": 0.28971423332668217,
      "avg_response_len": 929.155,
      "confidence_intervals": {
        "rouge_l": [
          0.20727233975970527,
          0.27459722350668164
        ],
        "bertscore_f1": [
          0.7198094102740288,
          0.7290627562999725
        ],
        "domain_relevance": [
          0.9916666666666666,
          1.0
        ],
        "factcheck": [
          0.44,
          0.575
        ]
      },
      "num_samples": 200,
      "generation_time_seconds": 0.0,
      "is_finetuned": true
    },
    {
      "model_short_name": "qwen2.5-7b-full_ft-ft",
      "model_id": "Qwen/Qwen2.5-7B-Instruct",
      "param_count": "7B",
      "rouge_l": 0.23591286410924003,
      "bleu4": 0.1171336557294489,
      "bertscore_f1": 0.7193238735198975,
      "domain_relevance": 0.9583333333333333,
      "factcheck": 0.505,
      "distinct_2": 0.11195354177998275,
      "distinct_3": 0.26078443235632215,
      "avg_response_len": 911.065,
      "confidence_intervals": {
        "rouge_l": [
          0.1992437801755023,
          0.2696437547495078
        ],
        "bertscore_f1": [
          0.7141623204946518,
          0.7244524300098419
        ],
        "domain_relevance": [
          0.9299999999999998,
          0.9816666666666666
        ],
        "factcheck": [
          0.435,
          0.58
        ]
      },
      "num_samples": 200,
      "generation_time_seconds": 0.0,
      "is_finetuned": true
    },
    {
      "model_short_name": "qwen2.5-7b-zs",
      "model_id": "Qwen/Qwen2.5-7B-Instruct",
      "param_count": "7B",
      "rouge_l": 0.19446097718081531,
      "bleu4": 0.10651231178580592,
      "bertscore_f1": 0.6985813975334167,
      "domain_relevance": 0.9833333333333333,
      "factcheck": 0.185,
      "distinct_2": 0.13357494036111814,
      "distinct_3": 0.3110279728950248,
      "avg_response_len": 929.505,
      "confidence_intervals": {
        "rouge_l": [
          0.16562250583529126,
          0.22404734071257237
        ],
        "bertscore_f1": [
          0.6940646180510521,
          0.7033940756320953
        ],
        "domain_relevance": [
          0.9716666666666667,
          0.9933333333333333
        ],
        "factcheck": [
          0.135,
          0.24
        ]
      },
      "num_samples": 200,
      "generation_time_seconds": 0.0,
      "is_finetuned": false
    },
    {
      "model_short_name": "qwen2.5-14b-ft",
      "model_id": "Qwen/Qwen2.5-14B-Instruct",
      "param_count": "14B",
      "rouge_l": 0.23279239245565378,
      "bleu4": 0.12058180451290983,
      "bertscore_f1": 0.7242827415466309,
      "domain_relevance": 0.9866666666666666,
      "factcheck": 0.475,
      "distinct_2": 0.12841936653444666,
      "distinct_3": 0.29970258893890883,
      "avg_response_len": 924.965,
      "confidence_intervals": {
        "rouge_l": [
          0.19915628203102767,
          0.266629442392085
        ],
        "bertscore_f1": [
          0.7195582568645478,
          0.7289321115612983
        ],
        "domain_relevance": [
          0.9716666666666666,
          0.9983333333333333
        ],
        "factcheck": [
          0.405,
          0.55
        ]
      },
      "num_samples": 200,
      "generation_time_seconds": 0.0,
      "is_finetuned": true
    },
    {
      "model_short_name": "qwen2.5-14b-zs",
      "model_id": "Qwen/Qwen2.5-14B-Instruct",
      "param_count": "14B",
      "rouge_l": 0.21663736405037515,
      "bleu4": 0.10158990992238488,
      "bertscore_f1": 0.6969389319419861,
      "domain_relevance": 0.9883333333333333,
      "factcheck": 0.265,
      "distinct_2": 0.12592678875293736,
      "distinct_3": 0.30070568195644237,
      "avg_response_len": 988.28,
      "confidence_intervals": {
        "rouge_l": [
          0.18452000639618857,
          0.24808566840910806
        ],
        "bertscore_f1": [
          0.6921563452482223,
          0.7020424222946167
        ],
        "domain_relevance": [
          0.9750000000000001,
          0.9983333333333333
        ],
        "factcheck": [
          0.205,
          0.33
        ]
      },
      "num_samples": 200,
      "generation_time_seconds": 0.0,
      "is_finetuned": false
    },
    {
      "model_short_name": "qwen2-72b-ft",
      "model_id": "Qwen/Qwen2-72B-Instruct",
      "param_count": "72B",
      "rouge_l": 0.24405649101222174,
      "bleu4": 0.1307076310327288,
      "bertscore_f1": 0.7263583540916443,
      "domain_relevance": 0.99,
      "factcheck": 0.47,
      "distinct_2": 0.14137861497947854,
      "distinct_3": 0.32947554689912356,
      "avg_response_len": 844.02,
      "confidence_intervals": {
        "rouge_l": [
          0.21086753661887528,
          0.2751796915697931
        ],
        "bertscore_f1": [
          0.7218111225962639,
          0.7308566883206368
        ],
        "domain_relevance": [
          0.9766666666666666,
          1.0
        ],
        "factcheck": [
          0.405,
          0.54
        ]
      },
      "num_samples": 200,
      "generation_time_seconds": 0.0,
      "is_finetuned": true
    },
    {
      "model_short_name": "qwen2-72b-zs",
      "model_id": "Qwen/Qwen2-72B-Instruct",
      "param_count": "72B",
      "rouge_l": 0.1131806847317758,
      "bleu4": 0.0856660298425626,
      "bertscore_f1": 0.7060571312904358,
      "domain_relevance": 0.9749999999999999,
      "factcheck": 0.22,
      "distinct_2": 0.09661946287680404,
      "distinct_3": 0.23284336593185692,
      "avg_response_len": 1180.99,
      "confidence_intervals": {
        "rouge_l": [
          0.0921508978079423,
          0.134622072379541
        ],
        "bertscore_f1": [
          0.7013611868023872,
          0.7108328729867935
        ],
        "domain_relevance": [
          0.96,
          0.9883333333333333
        ],
        "factcheck": [
          0.16,
          0.28
        ]
      },
      "num_samples": 200,
      "generation_time_seconds": 0.0,
      "is_finetuned": false
    },
    {
      "model_short_name": "internlm2.5-7b-ft",
      "model_id": "internlm/internlm2_5-7b-chat",
      "param_count": "7B",
      "rouge_l": 0.22323099527490495,
      "bleu4": 0.12241967295697667,
      "bertscore_f1": 0.7182536125183105,
      "domain_relevance": 0.91,
      "factcheck": 0.63,
      "distinct_2": 0.10218144105187295,
      "distinct_3": 0.23325335695471852,
      "avg_response_len": 854.335,
      "confidence_intervals": {
        "rouge_l": [
          0.18879823173448462,
          0.25922846746937206
        ],
        "bertscore_f1": [
          0.7124153786897659,
          0.7243778854608536
        ],
        "domain_relevance": [
          0.8766666666666667,
          0.9400000000000003
        ],
        "factcheck": [
          0.56,
          0.695
        ]
      },
      "num_samples": 200,
      "generation_time_seconds": 0.0,
      "is_finetuned": true
    },
    {
      "model_short_name": "internlm2.5-7b-zs",
      "model_id": "internlm/internlm2_5-7b-chat",
      "param_count": "7B",
      "rouge_l": 0.16534894814959064,
      "bleu4": 0.07883731077821544,
      "bertscore_f1": 0.6659534573554993,
      "domain_relevance": 0.8266666666666665,
      "factcheck": 0.23,
      "distinct_2": 0.10255377469032474,
      "distinct_3": 0.23884106237694275,
      "avg_response_len": 956.84,
      "confidence_intervals": {
        "rouge_l": [
          0.13762169529540785,
          0.19285144862098502
        ],
        "bertscore_f1": [
          0.6550868220627308,
          0.6760307784378529
        ],